"1",0.171,0.121,7,-18.378,1,0.0425,0.976,0.968,0.165,0.0391,83.632,"audio_features","000DebzBHhDZCzhwzpFncW","spotify:track:000DebzBHhDZCzhwzpFncW","https://api.spotify.com/v1/tracks/000DebzBHhDZCzhwzpFncW","https://api.spotify.com/v1/audio-analysis/000DebzBHhDZCzhwzpFncW",86473,3
"1",0.78,0.606,7,-9.397,1,0.108,0.388,1.11e-05,0.187,0.51,139.973,"audio_features","002ZzEuV45Ubrb5UUbmsuC","spotify:track:002ZzEuV45Ubrb5UUbmsuC","https://api.spotify.com/v1/tracks/002ZzEuV45Ubrb5UUbmsuC","https://api.spotify.com/v1/audio-analysis/002ZzEuV45Ubrb5UUbmsuC",195375,4
"1",NA
"1",0.639,0.781,2,-7.259,0,0.0498,0.341,3.74e-05,0.11,0.566,155.899,"audio_features","00425NiwsF8LefyoOy8HB3","spotify:track:00425NiwsF8LefyoOy8HB3","https://api.spotify.com/v1/tracks/00425NiwsF8LefyoOy8HB3","https://api.spotify.com/v1/audio-analysis/00425NiwsF8LefyoOy8HB3",185813,4
"1",NA
"1",0.545,0.676,3,-6.152,0,0.0609,0.69,0,0.116,0.524,143.973,"audio_features","004ls73ZeoFGAD1yP7RUvY","spotify:track:004ls73ZeoFGAD1yP7RUvY","https://api.spotify.com/v1/tracks/004ls73ZeoFGAD1yP7RUvY","https://api.spotify.com/v1/audio-analysis/004ls73ZeoFGAD1yP7RUvY",210000,4
"1",0.644,0.896,2,-9.052,1,0.0543,0.00488,0.843,0.101,0.75,129.997,"audio_features","005E4HHgvfp5YPJuxflCjd","spotify:track:005E4HHgvfp5YPJuxflCjd","https://api.spotify.com/v1/tracks/005E4HHgvfp5YPJuxflCjd","https://api.spotify.com/v1/audio-analysis/005E4HHgvfp5YPJuxflCjd",291720,4
"1",0.509,0.306,2,-21.181,0,0.0434,0.994,0.823,0.106,0.35,100.609,"audio_features","005EqZGbF9j5tPvDSjN8Pr","spotify:track:005EqZGbF9j5tPvDSjN8Pr","https://api.spotify.com/v1/tracks/005EqZGbF9j5tPvDSjN8Pr","https://api.spotify.com/v1/audio-analysis/005EqZGbF9j5tPvDSjN8Pr",63320,4
"1",NA
"1",NA
"1",NA
"1",NA
"1",NA
"1",0.687,0.781,1,-4.806,1,0.053,0.0361,0,0.0755,0.688,97.014,"audio_features","00Blm7zeNqgYLPtW6zg8cj","spotify:track:00Blm7zeNqgYLPtW6zg8cj","https://api.spotify.com/v1/tracks/00Blm7zeNqgYLPtW6zg8cj","https://api.spotify.com/v1/audio-analysis/00Blm7zeNqgYLPtW6zg8cj",193507,4
"1",NA
"1",0.843,0.661,6,-10.718,0,0.342,0.0219,2.8e-05,0.105,0.494,102.282,"audio_features","00F82E75hOemQe82C57OQx","spotify:track:00F82E75hOemQe82C57OQx","https://api.spotify.com/v1/tracks/00F82E75hOemQe82C57OQx","https://api.spotify.com/v1/audio-analysis/00F82E75hOemQe82C57OQx",162145,4
"1",NA
"1",0.687,0.409,9,-11.404,0,0.129,0.635,0.000287,0.0843,0.278,81.479,"audio_features","00HcKkPmHmquIKhUFNDL21","spotify:track:00HcKkPmHmquIKhUFNDL21","https://api.spotify.com/v1/tracks/00HcKkPmHmquIKhUFNDL21","https://api.spotify.com/v1/audio-analysis/00HcKkPmHmquIKhUFNDL21",122429,4
"1",NA
"1",NA
"1",0.565,0.516,8,-9.682,1,0.0614,0.502,1.54e-05,0.0942,0.176,131.948,"audio_features","00MQjS28tgoeu4LL6LbY0s","spotify:track:00MQjS28tgoeu4LL6LbY0s","https://api.spotify.com/v1/tracks/00MQjS28tgoeu4LL6LbY0s","https://api.spotify.com/v1/audio-analysis/00MQjS28tgoeu4LL6LbY0s",140012,4
"1",0.487,0.9,0,-4.417,1,0.0482,6.79e-05,0,0.358,0.484,149.937,"audio_features","00Mb3DuaIH1kjrwOku9CGU","spotify:track:00Mb3DuaIH1kjrwOku9CGU","https://api.spotify.com/v1/tracks/00Mb3DuaIH1kjrwOku9CGU","https://api.spotify.com/v1/audio-analysis/00Mb3DuaIH1kjrwOku9CGU",204000,4
"1",NA
"1",0.451,0.291,10,-11.764,0,0.036,0.812,0,0.0983,0.158,81.326,"audio_features","00PesUdTmC3Y5xtZbZND0p","spotify:track:00PesUdTmC3Y5xtZbZND0p","https://api.spotify.com/v1/tracks/00PesUdTmC3Y5xtZbZND0p","https://api.spotify.com/v1/audio-analysis/00PesUdTmC3Y5xtZbZND0p",177947,4
"1",NA
"1",0.874,0.633,5,-8.214,1,0.0453,0.0398,0.000106,0.0927,0.602,123.994,"audio_features","00UDmkyejOcUApEqpiB90i","spotify:track:00UDmkyejOcUApEqpiB90i","https://api.spotify.com/v1/tracks/00UDmkyejOcUApEqpiB90i","https://api.spotify.com/v1/audio-analysis/00UDmkyejOcUApEqpiB90i",143221,4
"1",NA
"1",NA
"1",0.814,0.696,7,-4.16,0,0.308,0.268,0,0.142,0.635,90.04,"audio_features","00ZFu9foKn2hKqNKbaYNqO","spotify:track:00ZFu9foKn2hKqNKbaYNqO","https://api.spotify.com/v1/tracks/00ZFu9foKn2hKqNKbaYNqO","https://api.spotify.com/v1/audio-analysis/00ZFu9foKn2hKqNKbaYNqO",169851,4
"1",0.809,0.576,1,-9.775,1,0.254,0.0738,0,0.0703,0.217,95,"audio_features","00Zu6UwmVKtBLpeH47ueCZ","spotify:track:00Zu6UwmVKtBLpeH47ueCZ","https://api.spotify.com/v1/tracks/00Zu6UwmVKtBLpeH47ueCZ","https://api.spotify.com/v1/audio-analysis/00Zu6UwmVKtBLpeH47ueCZ",126720,4
"1",NA
"1",NA
"1",NA
"1",NA
"1",0.629,0.616,7,-6.565,0,0.146,0.146,1.32e-06,0.0596,0.262,142.098,"audio_features","00jbNfSvtNl0i89egBM1MB","spotify:track:00jbNfSvtNl0i89egBM1MB","https://api.spotify.com/v1/tracks/00jbNfSvtNl0i89egBM1MB","https://api.spotify.com/v1/audio-analysis/00jbNfSvtNl0i89egBM1MB",189333,4
"1",0.512,0.935,11,-4.257,1,0.0474,0.0558,0,0.226,0.96,172.097,"audio_features","00jgBHuS9Hi8A9rAhHrm8f","spotify:track:00jgBHuS9Hi8A9rAhHrm8f","https://api.spotify.com/v1/tracks/00jgBHuS9Hi8A9rAhHrm8f","https://api.spotify.com/v1/audio-analysis/00jgBHuS9Hi8A9rAhHrm8f",91476,4
"1",NA
"1",0.73,0.28,11,-12.157,1,0.265,0.924,9.26e-05,0.0999,0.205,144.014,"audio_features","00kTcN1xC2N0xMMQMjK3Eb","spotify:track:00kTcN1xC2N0xMMQMjK3Eb","https://api.spotify.com/v1/tracks/00kTcN1xC2N0xMMQMjK3Eb","https://api.spotify.com/v1/audio-analysis/00kTcN1xC2N0xMMQMjK3Eb",258958,4
"1",NA
"1",NA
"1",0.717,0.518,0,-4.822,0,0.243,0.3,0,0.426,0.589,69.401,"audio_features","00n4LenKm34c3cIBn22ilt","spotify:track:00n4LenKm34c3cIBn22ilt","https://api.spotify.com/v1/tracks/00n4LenKm34c3cIBn22ilt","https://api.spotify.com/v1/audio-analysis/00n4LenKm34c3cIBn22ilt",82859,4
"1",0.357,0.653,9,-5.554,1,0.0654,0.0828,0,0.0844,0.522,176.647,"audio_features","00qOE7OjRl0BpYiCiweZB2","spotify:track:00qOE7OjRl0BpYiCiweZB2","https://api.spotify.com/v1/tracks/00qOE7OjRl0BpYiCiweZB2","https://api.spotify.com/v1/audio-analysis/00qOE7OjRl0BpYiCiweZB2",259800,4
"1",0.884,0.26,10,-12.658,1,0.0829,0.514,0.00041,0.112,0.343,107.968,"audio_features","00rpWQiOhrYugclDaBPGfE","spotify:track:00rpWQiOhrYugclDaBPGfE","https://api.spotify.com/v1/tracks/00rpWQiOhrYugclDaBPGfE","https://api.spotify.com/v1/audio-analysis/00rpWQiOhrYugclDaBPGfE",213611,4
"1",0.644,0.932,11,-1.941,1,0.0748,0.0683,0,0.347,0.819,150.082,"audio_features","00sRyR2yCZ6lGmAMhD7LtU","spotify:track:00sRyR2yCZ6lGmAMhD7LtU","https://api.spotify.com/v1/tracks/00sRyR2yCZ6lGmAMhD7LtU","https://api.spotify.com/v1/audio-analysis/00sRyR2yCZ6lGmAMhD7LtU",224147,4
"1",0.593,0.433,6,-10.033,0,0.0652,0.115,0.795,0.11,0.483,149.19,"audio_features","00t7doJFo1MNV30qz6jc2i","spotify:track:00t7doJFo1MNV30qz6jc2i","https://api.spotify.com/v1/tracks/00t7doJFo1MNV30qz6jc2i","https://api.spotify.com/v1/audio-analysis/00t7doJFo1MNV30qz6jc2i",140408,4
"1",NA
"1",NA
"1",NA
"1",NA
"1",NA
"1",NA
"1",0.691,0.524,5,-9.718,1,0.16,0.197,4.29e-05,0.488,0.41,164.047,"audio_features","011ZwIM48eD8ee2UBpG8nK","spotify:track:011ZwIM48eD8ee2UBpG8nK","https://api.spotify.com/v1/tracks/011ZwIM48eD8ee2UBpG8nK","https://api.spotify.com/v1/audio-analysis/011ZwIM48eD8ee2UBpG8nK",392187,4
"1",NA
"1",NA
"1",0.429,0.385,7,-7.693,1,0.0272,0.61,0,0.155,0.389,100.104,"audio_features","014kSxHtTvubc2tXAmEmxK","spotify:track:014kSxHtTvubc2tXAmEmxK","https://api.spotify.com/v1/tracks/014kSxHtTvubc2tXAmEmxK","https://api.spotify.com/v1/audio-analysis/014kSxHtTvubc2tXAmEmxK",201213,4
"1",0.831,0.581,1,-9.202,1,0.0687,0.165,0,0.082,0.506,106.238,"audio_features","015P4i3LcjpfD3ZvGEF331","spotify:track:015P4i3LcjpfD3ZvGEF331","https://api.spotify.com/v1/tracks/015P4i3LcjpfD3ZvGEF331","https://api.spotify.com/v1/audio-analysis/015P4i3LcjpfD3ZvGEF331",474900,4
"1",NA
"1",NA
"1",0.334,0.462,8,-10.473,1,0.0387,0.258,0.37,0.531,0.0417,162.043,"audio_features","017LAQcX4H5GbRzusEZJeq","spotify:track:017LAQcX4H5GbRzusEZJeq","https://api.spotify.com/v1/tracks/017LAQcX4H5GbRzusEZJeq","https://api.spotify.com/v1/audio-analysis/017LAQcX4H5GbRzusEZJeq",322703,4
"1",NA
"1",NA
"1",NA
"1",0.732,0.746,11,-6.367,0,0.226,0.00276,0,0.109,0.407,155.096,"audio_features","01EcSJ2fKLXAhkfARB3O9N","spotify:track:01EcSJ2fKLXAhkfARB3O9N","https://api.spotify.com/v1/tracks/01EcSJ2fKLXAhkfARB3O9N","https://api.spotify.com/v1/audio-analysis/01EcSJ2fKLXAhkfARB3O9N",182707,4
"1",0.855,0.72,6,-7.953,1,0.0516,0.0626,0.0187,0.268,0.948,97.984,"audio_features","01EzG8Qg7oQqYMTNV5YkOW","spotify:track:01EzG8Qg7oQqYMTNV5YkOW","https://api.spotify.com/v1/tracks/01EzG8Qg7oQqYMTNV5YkOW","https://api.spotify.com/v1/audio-analysis/01EzG8Qg7oQqYMTNV5YkOW",200816,4
"1",NA
"1",NA
"1",NA
"1",NA
"1",0.817,0.513,10,-6.263,0,0.394,0.38,0,0.109,0.177,123.029,"audio_features","01JMnRUs2YOK6DDpdQASGY","spotify:track:01JMnRUs2YOK6DDpdQASGY","https://api.spotify.com/v1/tracks/01JMnRUs2YOK6DDpdQASGY","https://api.spotify.com/v1/audio-analysis/01JMnRUs2YOK6DDpdQASGY",203438,4
"1",0.428,0.206,8,-22.871,0,0.0372,0.991,0.894,0.113,0.58,80.011,"audio_features","01K854UgLR3nAr7KICNZfQ","spotify:track:01K854UgLR3nAr7KICNZfQ","https://api.spotify.com/v1/tracks/01K854UgLR3nAr7KICNZfQ","https://api.spotify.com/v1/audio-analysis/01K854UgLR3nAr7KICNZfQ",165733,4
"1",0.772,0.413,0,-8.193,0,0.089,0.0361,0,0.111,0.211,131.965,"audio_features","01Lr5YepbgjXAWR9iOEyH1","spotify:track:01Lr5YepbgjXAWR9iOEyH1","https://api.spotify.com/v1/tracks/01Lr5YepbgjXAWR9iOEyH1","https://api.spotify.com/v1/audio-analysis/01Lr5YepbgjXAWR9iOEyH1",246213,4
"1",0.477,0.128,2,-16.715,0,0.0432,0.933,0.893,0.0852,0.429,72.266,"audio_features","01Lx8Sb0m2GUftS7CtJh5z","spotify:track:01Lx8Sb0m2GUftS7CtJh5z","https://api.spotify.com/v1/tracks/01Lx8Sb0m2GUftS7CtJh5z","https://api.spotify.com/v1/audio-analysis/01Lx8Sb0m2GUftS7CtJh5z",207400,4
"1",NA
"1",0.789,0.83,2,-4.297,1,0.223,0.0767,0,0.266,0.816,144.816,"audio_features","01MLcg1CRZHJcUJkXEpjfA","spotify:track:01MLcg1CRZHJcUJkXEpjfA","https://api.spotify.com/v1/tracks/01MLcg1CRZHJcUJkXEpjfA","https://api.spotify.com/v1/audio-analysis/01MLcg1CRZHJcUJkXEpjfA",143921,4
"1",NA
"1",NA
"1",NA
"1",NA
"1",0.567,0.452,9,-8.968,0,0.31,0.00251,0,0.354,0.519,164.945,"audio_features","01Qg4SlxmCjVqGCyXpeQ24","spotify:track:01Qg4SlxmCjVqGCyXpeQ24","https://api.spotify.com/v1/tracks/01Qg4SlxmCjVqGCyXpeQ24","https://api.spotify.com/v1/audio-analysis/01Qg4SlxmCjVqGCyXpeQ24",104986,4
"1",NA
"1",NA
"1",0.889,0.489,10,-8.587,0,0.108,0.0209,1.78e-05,0.0814,0.843,93.039,"audio_features","01VzuxoBYMAJLObfU0w6dI","spotify:track:01VzuxoBYMAJLObfU0w6dI","https://api.spotify.com/v1/tracks/01VzuxoBYMAJLObfU0w6dI","https://api.spotify.com/v1/audio-analysis/01VzuxoBYMAJLObfU0w6dI",192011,4
"1",NA
"1",NA
"1",0.48,0.865,3,-5.441,1,0.228,0.0979,3.32e-06,0.123,0.575,138.193,"audio_features","01apQz7E72krU1k1b4VWs7","spotify:track:01apQz7E72krU1k1b4VWs7","https://api.spotify.com/v1/tracks/01apQz7E72krU1k1b4VWs7","https://api.spotify.com/v1/audio-analysis/01apQz7E72krU1k1b4VWs7",92693,4
"1",NA
"1",NA
"1",NA
"1",NA
"1",0.725,0.804,8,-7.84,1,0.0393,0.426,0.000504,0.108,0.961,93.668,"audio_features","01gwPP2h3ajRnqiIphUtR7","spotify:track:01gwPP2h3ajRnqiIphUtR7","https://api.spotify.com/v1/tracks/01gwPP2h3ajRnqiIphUtR7","https://api.spotify.com/v1/audio-analysis/01gwPP2h3ajRnqiIphUtR7",177427,4
"1",0.615,0.466,0,-12.131,1,0.0402,0.758,0.92,0.105,0.906,143.401,"audio_features","01iglyLhCYZYlCqAxY8Vfz","spotify:track:01iglyLhCYZYlCqAxY8Vfz","https://api.spotify.com/v1/tracks/01iglyLhCYZYlCqAxY8Vfz","https://api.spotify.com/v1/audio-analysis/01iglyLhCYZYlCqAxY8Vfz",162940,3
"1",NA
"1",0.716,0.748,8,-6.06,1,0.0356,0.235,0.849,0.114,0.338,119.918,"audio_features","01kfSdF9zfcDLri5sSWEoL","spotify:track:01kfSdF9zfcDLri5sSWEoL","https://api.spotify.com/v1/tracks/01kfSdF9zfcDLri5sSWEoL","https://api.spotify.com/v1/audio-analysis/01kfSdF9zfcDLri5sSWEoL",169245,4
"1",NA
"1",NA
"1",0.556,0.51,10,-10.418,0,0.487,0.493,2.02e-06,0.117,0.568,78.284,"audio_features","01mWTJYzxWplCvThftGucJ","spotify:track:01mWTJYzxWplCvThftGucJ","https://api.spotify.com/v1/tracks/01mWTJYzxWplCvThftGucJ","https://api.spotify.com/v1/audio-analysis/01mWTJYzxWplCvThftGucJ",225882,1
"1",NA
"1",0.495,0.606,0,-9.84,1,0.0672,0.519,6.83e-06,0.45,0.631,153.802,"audio_features","01q9QxTdlwbJ2gImjukrb4","spotify:track:01q9QxTdlwbJ2gImjukrb4","https://api.spotify.com/v1/tracks/01q9QxTdlwbJ2gImjukrb4","https://api.spotify.com/v1/audio-analysis/01q9QxTdlwbJ2gImjukrb4",252186,4
"1",NA
"1",NA
"1",NA
"1",NA
"1",NA
"1",0.366,0.497,9,-5.929,1,0.0889,0.467,0,0.0944,0.318,79.998,"audio_features","01vDYm34I3kVygzQ29T1no","spotify:track:01vDYm34I3kVygzQ29T1no","https://api.spotify.com/v1/tracks/01vDYm34I3kVygzQ29T1no","https://api.spotify.com/v1/audio-analysis/01vDYm34I3kVygzQ29T1no",218093,4
"1",NA
"1",0.928,0.506,0,-11.441,1,0.53,0.182,0,0.0707,0.508,125.988,"audio_features","01z04B2RLUTWOWNOODL8K3","spotify:track:01z04B2RLUTWOWNOODL8K3","https://api.spotify.com/v1/tracks/01z04B2RLUTWOWNOODL8K3","https://api.spotify.com/v1/audio-analysis/01z04B2RLUTWOWNOODL8K3",181029,4
"1",0.272,0.238,2,-12.148,0,0.0349,0.89,0.00925,0.275,0.119,83.507,"audio_features","01z2fBGB8Hl3Jd3zXe4IXR","spotify:track:01z2fBGB8Hl3Jd3zXe4IXR","https://api.spotify.com/v1/tracks/01z2fBGB8Hl3Jd3zXe4IXR","https://api.spotify.com/v1/audio-analysis/01z2fBGB8Hl3Jd3zXe4IXR",161840,4
"1",0.585,0.734,7,-9.923,0,0.101,0.118,0.0128,0.232,0.286,90.058,"audio_features","020OOwdORntiNg7f8ONJYJ","spotify:track:020OOwdORntiNg7f8ONJYJ","https://api.spotify.com/v1/tracks/020OOwdORntiNg7f8ONJYJ","https://api.spotify.com/v1/audio-analysis/020OOwdORntiNg7f8ONJYJ",196579,4
"1",0.665,0.82,0,-5.204,1,0.0654,0.177,8.72e-05,0.119,0.551,100.017,"audio_features","020gdmmwJHxz4ACcQ85Vv8","spotify:track:020gdmmwJHxz4ACcQ85Vv8","https://api.spotify.com/v1/tracks/020gdmmwJHxz4ACcQ85Vv8","https://api.spotify.com/v1/audio-analysis/020gdmmwJHxz4ACcQ85Vv8",199543,4
"1",0.611,0.864,6,-2.345,0,0.0654,0.00852,1.68e-06,0.136,0.455,152.02,"audio_features","021L6LlBBtr34BmFRHd9Ic","spotify:track:021L6LlBBtr34BmFRHd9Ic","https://api.spotify.com/v1/tracks/021L6LlBBtr34BmFRHd9Ic","https://api.spotify.com/v1/audio-analysis/021L6LlBBtr34BmFRHd9Ic",212280,4
"1",NA
"1",0.78,0.68,4,-6.081,1,0.0305,0.141,1.2e-05,0.138,0.594,118.026,"audio_features","023OVLNzXhX0j7CxswUt6D","spotify:track:023OVLNzXhX0j7CxswUt6D","https://api.spotify.com/v1/tracks/023OVLNzXhX0j7CxswUt6D","https://api.spotify.com/v1/audio-analysis/023OVLNzXhX0j7CxswUt6D",180560,4
"1",0.129,0.174,10,-15.493,1,0.0353,0.569,0.969,0.0974,0.0546,80.277,"audio_features","023lQAQzwekxfXniAp5uh1","spotify:track:023lQAQzwekxfXniAp5uh1","https://api.spotify.com/v1/tracks/023lQAQzwekxfXniAp5uh1","https://api.spotify.com/v1/audio-analysis/023lQAQzwekxfXniAp5uh1",303573,4
"1",0.599,0.642,0,-6.936,1,0.0363,0.164,3.33e-05,0.0992,0.349,115.412,"audio_features","0247StOpd3AkeBQzANX4Zf","spotify:track:0247StOpd3AkeBQzANX4Zf","https://api.spotify.com/v1/tracks/0247StOpd3AkeBQzANX4Zf","https://api.spotify.com/v1/audio-analysis/0247StOpd3AkeBQzANX4Zf",222533,4
"1",NA
"1",NA
"1",0.383,0.24,1,-17.721,1,0.0397,0.942,0.793,0.138,0.36,129.169,"audio_features","025MCO77mnKj0rKqCo1GU1","spotify:track:025MCO77mnKj0rKqCo1GU1","https://api.spotify.com/v1/tracks/025MCO77mnKj0rKqCo1GU1","https://api.spotify.com/v1/audio-analysis/025MCO77mnKj0rKqCo1GU1",305053,4
"1",NA
"1",0.838,0.624,1,-7.345,0,0.389,0.273,1.41e-06,0.273,0.336,125.342,"audio_features","02Am0rXRpyFoKWHKLFobIJ","spotify:track:02Am0rXRpyFoKWHKLFobIJ","https://api.spotify.com/v1/tracks/02Am0rXRpyFoKWHKLFobIJ","https://api.spotify.com/v1/audio-analysis/02Am0rXRpyFoKWHKLFobIJ",124604,5
"1",0.606,0.648,0,-7.802,1,0.0466,0.349,0,0.639,0.646,59.041,"audio_features","02D9uD9WQb834Lb54xCvDS","spotify:track:02D9uD9WQb834Lb54xCvDS","https://api.spotify.com/v1/tracks/02D9uD9WQb834Lb54xCvDS","https://api.spotify.com/v1/audio-analysis/02D9uD9WQb834Lb54xCvDS",290067,4
"1",0.637,0.985,6,-3.809,0,0.184,0.00988,0.00857,0.0649,0.374,145.111,"audio_features","02FuO3zDHGFAz0yP7HHGvy","spotify:track:02FuO3zDHGFAz0yP7HHGvy","https://api.spotify.com/v1/tracks/02FuO3zDHGFAz0yP7HHGvy","https://api.spotify.com/v1/audio-analysis/02FuO3zDHGFAz0yP7HHGvy",307862,4
"1",NA
"1",NA
"1",0.408,0.354,8,-19.478,1,0.0393,0.527,0.963,0.0944,0.253,79.949,"audio_features","02JeXwNUyNJIRBrnltV9v9","spotify:track:02JeXwNUyNJIRBrnltV9v9","https://api.spotify.com/v1/tracks/02JeXwNUyNJIRBrnltV9v9","https://api.spotify.com/v1/audio-analysis/02JeXwNUyNJIRBrnltV9v9",193501,4
"1",NA
"1",0.753,0.473,10,-11.382,0,0.22,0.0538,0,0.625,0.286,96.007,"audio_features","02JlKRJdG3uDLItxGa7MXB","spotify:track:02JlKRJdG3uDLItxGa7MXB","https://api.spotify.com/v1/tracks/02JlKRJdG3uDLItxGa7MXB","https://api.spotify.com/v1/audio-analysis/02JlKRJdG3uDLItxGa7MXB",156878,4
"1",NA
"1",0.832,0.586,0,-8.709,1,0.165,0.179,0,0.224,0.419,109.989,"audio_features","02L4aUYcBMhsnnk5TiZvNZ","spotify:track:02L4aUYcBMhsnnk5TiZvNZ","https://api.spotify.com/v1/tracks/02L4aUYcBMhsnnk5TiZvNZ","https://api.spotify.com/v1/audio-analysis/02L4aUYcBMhsnnk5TiZvNZ",159273,4
"1",NA
"1",NA
"1",0.504,0.68,1,-8.906,1,0.04,0.00212,0.918,0.168,0.0396,126.019,"audio_features","02OPSjem7kzswtRMSLSrs4","spotify:track:02OPSjem7kzswtRMSLSrs4","https://api.spotify.com/v1/tracks/02OPSjem7kzswtRMSLSrs4","https://api.spotify.com/v1/audio-analysis/02OPSjem7kzswtRMSLSrs4",156192,4
"1",NA
"1",0.585,0.47,5,-12.519,0,0.536,0.15,0.000157,0.0754,0.258,96.044,"audio_features","02RFFi0O3zdBXMVVHFmMMT","spotify:track:02RFFi0O3zdBXMVVHFmMMT","https://api.spotify.com/v1/tracks/02RFFi0O3zdBXMVVHFmMMT","https://api.spotify.com/v1/audio-analysis/02RFFi0O3zdBXMVVHFmMMT",224433,4
"1",0.424,0.793,11,-5.459,1,0.0356,0.0229,0,0.36,0.684,174.997,"audio_features","02SAP5qoj5GWubcKJDgXX9","spotify:track:02SAP5qoj5GWubcKJDgXX9","https://api.spotify.com/v1/tracks/02SAP5qoj5GWubcKJDgXX9","https://api.spotify.com/v1/audio-analysis/02SAP5qoj5GWubcKJDgXX9",213160,4
"1",NA
"1",0.843,0.436,7,-13.313,1,0.465,0.385,0,0.16,0.604,145.11,"audio_features","02Ujzxu1MXSgm1WcyXn2EF","spotify:track:02Ujzxu1MXSgm1WcyXn2EF","https://api.spotify.com/v1/tracks/02Ujzxu1MXSgm1WcyXn2EF","https://api.spotify.com/v1/audio-analysis/02Ujzxu1MXSgm1WcyXn2EF",178759,4
"1",NA
"1",NA
"1",NA
"1",NA
"1",0.638,0.634,4,-6.582,1,0.0457,0.133,1.23e-06,0.152,0.519,96.953,"audio_features","02Zkkf2zMkwRGQjZ7T4p8f","spotify:track:02Zkkf2zMkwRGQjZ7T4p8f","https://api.spotify.com/v1/tracks/02Zkkf2zMkwRGQjZ7T4p8f","https://api.spotify.com/v1/audio-analysis/02Zkkf2zMkwRGQjZ7T4p8f",200690,4
"1",0.292,0.00497,5,-28.862,0,0.0447,0.914,0.826,0.1,0.29,65.984,"audio_features","02a06ihiaBK3DYbe3Am25s","spotify:track:02a06ihiaBK3DYbe3Am25s","https://api.spotify.com/v1/tracks/02a06ihiaBK3DYbe3Am25s","https://api.spotify.com/v1/audio-analysis/02a06ihiaBK3DYbe3Am25s",139803,4
"1",0.5,0.565,4,-8.212,0,0.0366,0.368,0,0.357,0.709,102.446,"audio_features","02aS4O8n7k4UGLXqodbfSk","spotify:track:02aS4O8n7k4UGLXqodbfSk","https://api.spotify.com/v1/tracks/02aS4O8n7k4UGLXqodbfSk","https://api.spotify.com/v1/audio-analysis/02aS4O8n7k4UGLXqodbfSk",194353,3
"1",NA
"1",NA
"1",0.754,0.4,1,-8.832,0,0.0579,0.766,0,0.196,0.693,135.945,"audio_features","02ibK22WhjAVzKBm7da7lm","spotify:track:02ibK22WhjAVzKBm7da7lm","https://api.spotify.com/v1/tracks/02ibK22WhjAVzKBm7da7lm","https://api.spotify.com/v1/audio-analysis/02ibK22WhjAVzKBm7da7lm",149680,4
"1",0.799,0.66,1,-6.153,0,0.079,0.256,0,0.111,0.471,140.04,"audio_features","02kDW379Yfd5PzW5A6vuGt","spotify:track:02kDW379Yfd5PzW5A6vuGt","https://api.spotify.com/v1/tracks/02kDW379Yfd5PzW5A6vuGt","https://api.spotify.com/v1/audio-analysis/02kDW379Yfd5PzW5A6vuGt",195429,4
"1",NA
"1",NA
"1",0.978,0.683,8,-5.743,1,0.0981,0.0634,5.88e-05,0.523,0.419,118.041,"audio_features","02nTpchENdZ4Nm8AfTmrFv","spotify:track:02nTpchENdZ4Nm8AfTmrFv","https://api.spotify.com/v1/tracks/02nTpchENdZ4Nm8AfTmrFv","https://api.spotify.com/v1/audio-analysis/02nTpchENdZ4Nm8AfTmrFv",146441,4
"1",NA
"1",0.851,0.641,1,-7.096,1,0.221,0.514,0.698,0.274,0.359,113.046,"audio_features","02oeiqEt5UWFW3ZG3HvNGQ","spotify:track:02oeiqEt5UWFW3ZG3HvNGQ","https://api.spotify.com/v1/tracks/02oeiqEt5UWFW3ZG3HvNGQ","https://api.spotify.com/v1/audio-analysis/02oeiqEt5UWFW3ZG3HvNGQ",68494,4
"1",NA
"1",0.875,0.377,3,-12.134,0,0.262,0.252,0,0.133,0.445,115.919,"audio_features","02pXFmyVBg5zCYI1uL0MU7","spotify:track:02pXFmyVBg5zCYI1uL0MU7","https://api.spotify.com/v1/tracks/02pXFmyVBg5zCYI1uL0MU7","https://api.spotify.com/v1/audio-analysis/02pXFmyVBg5zCYI1uL0MU7",219310,4
"1",NA
"1",0.344,0.213,2,-20.917,1,0.0311,0.992,0.881,0.113,0.53,138.472,"audio_features","02r9MAIugAaM1oiiS9ekdN","spotify:track:02r9MAIugAaM1oiiS9ekdN","https://api.spotify.com/v1/tracks/02r9MAIugAaM1oiiS9ekdN","https://api.spotify.com/v1/audio-analysis/02r9MAIugAaM1oiiS9ekdN",480067,4
"1",NA
"1",NA
"1",NA
"1",NA
"1",NA
"1",NA
"1",NA
"1",NA
"1",NA
"1",NA
"1",NA
"1",NA
"1",0.657,0.604,0,-6.045,1,0.0374,0.0213,0,0.156,0.122,73.933,"audio_features","035s2CvGmbxsuSceuV4R2c","spotify:track:035s2CvGmbxsuSceuV4R2c","https://api.spotify.com/v1/tracks/035s2CvGmbxsuSceuV4R2c","https://api.spotify.com/v1/audio-analysis/035s2CvGmbxsuSceuV4R2c",312257,4
"1",0.605,0.974,7,-4.222,1,0.464,0.101,0.014,0.358,0.334,64.763,"audio_features","037VJbDruLmBcxzlEks9oa","spotify:track:037VJbDruLmBcxzlEks9oa","https://api.spotify.com/v1/tracks/037VJbDruLmBcxzlEks9oa","https://api.spotify.com/v1/audio-analysis/037VJbDruLmBcxzlEks9oa",166173,4
"1",NA
"1",NA
"1",NA
"1",0.703,0.775,0,-8.214,1,0.0477,0.122,0.0123,0.107,0.595,111.847,"audio_features","039yEY0zgZwbPbVBZcql7k","spotify:track:039yEY0zgZwbPbVBZcql7k","https://api.spotify.com/v1/tracks/039yEY0zgZwbPbVBZcql7k","https://api.spotify.com/v1/audio-analysis/039yEY0zgZwbPbVBZcql7k",202840,4
"1",NA
"1",NA
"1",NA
"1",0.402,0.142,9,-23.563,0,0.0439,0.994,0.871,0.137,0.564,122.058,"audio_features","03DdCZuQPKTxPluFR42vt4","spotify:track:03DdCZuQPKTxPluFR42vt4","https://api.spotify.com/v1/tracks/03DdCZuQPKTxPluFR42vt4","https://api.spotify.com/v1/audio-analysis/03DdCZuQPKTxPluFR42vt4",118893,4
"1",NA
"1",NA
"1",0.612,0.365,7,-12.605,1,0.165,0.685,3.04e-05,0.101,0.541,176.143,"audio_features","03Nx63Qf5HnqGF3KkGIJ6l","spotify:track:03Nx63Qf5HnqGF3KkGIJ6l","https://api.spotify.com/v1/tracks/03Nx63Qf5HnqGF3KkGIJ6l","https://api.spotify.com/v1/audio-analysis/03Nx63Qf5HnqGF3KkGIJ6l",174566,4
"1",0.742,0.647,0,-8.12,1,0.493,0.00994,3.11e-05,0.137,0.494,74.247,"audio_features","03O6hHcRBuSqKV7jmQH5co","spotify:track:03O6hHcRBuSqKV7jmQH5co","https://api.spotify.com/v1/tracks/03O6hHcRBuSqKV7jmQH5co","https://api.spotify.com/v1/audio-analysis/03O6hHcRBuSqKV7jmQH5co",118674,4
"1",NA
"1",NA
"1",0.413,0.781,1,-14.634,1,0.06,0.00197,0.771,0.71,0.374,172.051,"audio_features","03R9K1Jd8NEUymbTWmiMw1","spotify:track:03R9K1Jd8NEUymbTWmiMw1","https://api.spotify.com/v1/tracks/03R9K1Jd8NEUymbTWmiMw1","https://api.spotify.com/v1/audio-analysis/03R9K1Jd8NEUymbTWmiMw1",178651,4
"1",0.756,0.506,5,-8.378,0,0.151,0.665,2.49e-05,0.131,0.597,139.911,"audio_features","03Sqycm1U04pw2nQmws7Ag","spotify:track:03Sqycm1U04pw2nQmws7Ag","https://api.spotify.com/v1/tracks/03Sqycm1U04pw2nQmws7Ag","https://api.spotify.com/v1/audio-analysis/03Sqycm1U04pw2nQmws7Ag",178672,4
"1",0.587,0.635,8,-6.369,1,0.422,0.0785,0,0.175,0.758,82.517,"audio_features","03TzvVWdkVbLT9pzewYiDw","spotify:track:03TzvVWdkVbLT9pzewYiDw","https://api.spotify.com/v1/tracks/03TzvVWdkVbLT9pzewYiDw","https://api.spotify.com/v1/audio-analysis/03TzvVWdkVbLT9pzewYiDw",200733,4
"1",0.752,0.472,2,-7.52,0,0.0578,0.53,1.04e-05,0.101,0.242,130.106,"audio_features","03UWAINxqmmI8N3PpaG0xh","spotify:track:03UWAINxqmmI8N3PpaG0xh","https://api.spotify.com/v1/tracks/03UWAINxqmmI8N3PpaG0xh","https://api.spotify.com/v1/audio-analysis/03UWAINxqmmI8N3PpaG0xh",172469,4
"1",NA
"1",NA
"1",NA
"1",NA
"1",NA
"1",NA
"1",NA
"1",0.637,0.568,7,-5.697,1,0.0552,0.674,0,0.365,0.749,79.923,"audio_features","03fSECeJJRez3rZQusuCZR","spotify:track:03fSECeJJRez3rZQusuCZR","https://api.spotify.com/v1/tracks/03fSECeJJRez3rZQusuCZR","https://api.spotify.com/v1/audio-analysis/03fSECeJJRez3rZQusuCZR",145733,4
"1",NA
"1",0.747,0.337,2,-13.474,1,0.0405,0.552,0,0.0973,0.8,119.766,"audio_features","03gfPrsQEYnoGCT13oM2Ix","spotify:track:03gfPrsQEYnoGCT13oM2Ix","https://api.spotify.com/v1/tracks/03gfPrsQEYnoGCT13oM2Ix","https://api.spotify.com/v1/audio-analysis/03gfPrsQEYnoGCT13oM2Ix",129893,4
"1",0.598,0.196,2,-14.212,1,0.0303,0.873,1.31e-05,0.102,0.216,95.766,"audio_features","03ghJmOPXc4Mocv0fDqCeq","spotify:track:03ghJmOPXc4Mocv0fDqCeq","https://api.spotify.com/v1/tracks/03ghJmOPXc4Mocv0fDqCeq","https://api.spotify.com/v1/audio-analysis/03ghJmOPXc4Mocv0fDqCeq",114853,4
"1",NA
"1",NA
"1",0.319,0.874,1,0.714,1,0.28,0.0521,0.0092,0.373,0.553,172.302,"audio_features","03kmmdMhNW8qG3jE0CqeTE","spotify:track:03kmmdMhNW8qG3jE0CqeTE","https://api.spotify.com/v1/tracks/03kmmdMhNW8qG3jE0CqeTE","https://api.spotify.com/v1/audio-analysis/03kmmdMhNW8qG3jE0CqeTE",154026,4
"1",NA
"1",NA
"1",0.558,0.0114,7,-32.973,1,0.111,0.996,0.962,0.172,0.562,70.752,"audio_features","03puMQmCl4CNyLGgcvkwVX","spotify:track:03puMQmCl4CNyLGgcvkwVX","https://api.spotify.com/v1/tracks/03puMQmCl4CNyLGgcvkwVX","https://api.spotify.com/v1/audio-analysis/03puMQmCl4CNyLGgcvkwVX",113704,4
"1",0.774,0.898,0,-5.201,1,0.033,0.0684,0.422,0.0691,0.885,127.969,"audio_features","03tbu1wzCh2u81FP6tJEwG","spotify:track:03tbu1wzCh2u81FP6tJEwG","https://api.spotify.com/v1/tracks/03tbu1wzCh2u81FP6tJEwG","https://api.spotify.com/v1/audio-analysis/03tbu1wzCh2u81FP6tJEwG",95625,4
"1",NA
"1",0.959,0.799,1,-1.41,1,0.0867,0.329,2.96e-05,0.0802,0.639,130.012,"audio_features","03vHYQEfyyTvA8ZZxxXjmL","spotify:track:03vHYQEfyyTvA8ZZxxXjmL","https://api.spotify.com/v1/tracks/03vHYQEfyyTvA8ZZxxXjmL","https://api.spotify.com/v1/audio-analysis/03vHYQEfyyTvA8ZZxxXjmL",144461,4
"1",NA
"1",0.756,0.527,2,-8.629,1,0.473,0.222,0,0.107,0.251,154.082,"audio_features","03xEwrkmLVz6ZyXGYHzw3r","spotify:track:03xEwrkmLVz6ZyXGYHzw3r","https://api.spotify.com/v1/tracks/03xEwrkmLVz6ZyXGYHzw3r","https://api.spotify.com/v1/audio-analysis/03xEwrkmLVz6ZyXGYHzw3r",187877,4
"1",NA
"1",0.708,0.768,2,-5.723,1,0.0588,0.286,0,0.184,0.728,128.991,"audio_features","043R6PSy7W4gqS0ctBmqZa","spotify:track:043R6PSy7W4gqS0ctBmqZa","https://api.spotify.com/v1/tracks/043R6PSy7W4gqS0ctBmqZa","https://api.spotify.com/v1/audio-analysis/043R6PSy7W4gqS0ctBmqZa",226977,4
"1",NA
"1",NA
"1",NA
"1",NA
"1",NA
"1",NA
"1",NA
"1",0.618,0.548,10,-6.551,1,0.0303,0.209,1.71e-05,0.448,0.445,139.92,"audio_features","04FdD1nYNw8tB9CD7aNp91","spotify:track:04FdD1nYNw8tB9CD7aNp91","https://api.spotify.com/v1/tracks/04FdD1nYNw8tB9CD7aNp91","https://api.spotify.com/v1/audio-analysis/04FdD1nYNw8tB9CD7aNp91",189973,4
"1",NA
"1",NA
"1",0.505,0.981,2,-3.779,1,0.156,0.000212,3.75e-06,0.588,0.256,120.052,"audio_features","04K2bMi2vyOBwxr5EjDq5O","spotify:track:04K2bMi2vyOBwxr5EjDq5O","https://api.spotify.com/v1/tracks/04K2bMi2vyOBwxr5EjDq5O","https://api.spotify.com/v1/audio-analysis/04K2bMi2vyOBwxr5EjDq5O",249747,4
"1",NA
"1",NA
"1",NA
"1",NA
"1",NA
"1",0.343,0.924,11,-4.121,0,0.416,0.731,0,0.175,0.332,84.919,"audio_features","04Rhh2kfbv0pJe2ENHCrEn","spotify:track:04Rhh2kfbv0pJe2ENHCrEn","https://api.spotify.com/v1/tracks/04Rhh2kfbv0pJe2ENHCrEn","https://api.spotify.com/v1/audio-analysis/04Rhh2kfbv0pJe2ENHCrEn",247920,4
"1",NA
"1",0.569,0.479,11,-11.641,0,0.392,0.296,0,0.247,0.529,119.381,"audio_features","04T0esON8ZU5EZTy5TcZi3","spotify:track:04T0esON8ZU5EZTy5TcZi3","https://api.spotify.com/v1/tracks/04T0esON8ZU5EZTy5TcZi3","https://api.spotify.com/v1/audio-analysis/04T0esON8ZU5EZTy5TcZi3",151044,5
"1",NA
"1",NA
"1",NA
"1",NA
"1",NA
"1",0.576,0.474,1,-6.342,1,0.0331,0.75,8.74e-05,0.0944,0.4,77.834,"audio_features","04YKO5t4AZrsqKfGhhUb2j","spotify:track:04YKO5t4AZrsqKfGhhUb2j","https://api.spotify.com/v1/tracks/04YKO5t4AZrsqKfGhhUb2j","https://api.spotify.com/v1/audio-analysis/04YKO5t4AZrsqKfGhhUb2j",186459,4
"1",0.772,0.697,10,-5.317,0,0.233,0.113,0,0.275,0.764,145.92,"audio_features","04YXN9O5YItc7GOHab3Afi","spotify:track:04YXN9O5YItc7GOHab3Afi","https://api.spotify.com/v1/tracks/04YXN9O5YItc7GOHab3Afi","https://api.spotify.com/v1/audio-analysis/04YXN9O5YItc7GOHab3Afi",249863,4
"1",NA
"1",NA
"1",NA
"1",NA
"1",NA
"1",0.426,0.253,9,-28.322,1,0.0369,0.0621,0.714,0.13,0.356,130.013,"audio_features","04fw0PjMLhJ0wF0dIr0Hib","spotify:track:04fw0PjMLhJ0wF0dIr0Hib","https://api.spotify.com/v1/tracks/04fw0PjMLhJ0wF0dIr0Hib","https://api.spotify.com/v1/audio-analysis/04fw0PjMLhJ0wF0dIr0Hib",205732,4
"1",0.785,0.816,9,-5.487,0,0.215,0.0191,0,0.062,0.364,83.002,"audio_features","04gCOO0d9X8g9GpHsMAocg","spotify:track:04gCOO0d9X8g9GpHsMAocg","https://api.spotify.com/v1/tracks/04gCOO0d9X8g9GpHsMAocg","https://api.spotify.com/v1/audio-analysis/04gCOO0d9X8g9GpHsMAocg",216828,4
"1",NA
"1",0.457,0.0352,0,-18.376,0,0.0474,0.975,0.181,0.0595,0.18,88.716,"audio_features","04hRVucnFo6u5RSvo4nvNl","spotify:track:04hRVucnFo6u5RSvo4nvNl","https://api.spotify.com/v1/tracks/04hRVucnFo6u5RSvo4nvNl","https://api.spotify.com/v1/audio-analysis/04hRVucnFo6u5RSvo4nvNl",162947,4
"1",0.695,0.503,1,-12.91,1,0.0361,0.111,0.0134,0.0996,0.969,124.113,"audio_features","04ijIUVdT4Qy1SBWFUPROY","spotify:track:04ijIUVdT4Qy1SBWFUPROY","https://api.spotify.com/v1/tracks/04ijIUVdT4Qy1SBWFUPROY","https://api.spotify.com/v1/audio-analysis/04ijIUVdT4Qy1SBWFUPROY",236533,4
"1",0.531,0.289,2,-10.065,1,0.0286,0.339,0.000376,0.134,0.119,129.747,"audio_features","04mAOoQNsXmDJlyupJwmkO","spotify:track:04mAOoQNsXmDJlyupJwmkO","https://api.spotify.com/v1/tracks/04mAOoQNsXmDJlyupJwmkO","https://api.spotify.com/v1/audio-analysis/04mAOoQNsXmDJlyupJwmkO",393962,4
"1",NA
"1",0.43,0.0562,9,-26.931,0,0.0552,0.995,0.935,0.0777,0.181,96.321,"audio_features","04oRfNoRVXVlfO7hym0FGb","spotify:track:04oRfNoRVXVlfO7hym0FGb","https://api.spotify.com/v1/tracks/04oRfNoRVXVlfO7hym0FGb","https://api.spotify.com/v1/audio-analysis/04oRfNoRVXVlfO7hym0FGb",217560,4
"1",NA
"1",NA
"1",0.437,0.416,1,-20.817,1,0.0784,0.113,0.864,0.11,0.104,99.981,"audio_features","04rX9HfhyBybkn0IeV8Vfp","spotify:track:04rX9HfhyBybkn0IeV8Vfp","https://api.spotify.com/v1/tracks/04rX9HfhyBybkn0IeV8Vfp","https://api.spotify.com/v1/audio-analysis/04rX9HfhyBybkn0IeV8Vfp",409600,4
"1",0.468,0.972,10,-0.576,0,0.157,0.0181,4.28e-05,0.337,0.156,100.014,"audio_features","04t2rESw6up8F0zPRKsD5t","spotify:track:04t2rESw6up8F0zPRKsD5t","https://api.spotify.com/v1/tracks/04t2rESw6up8F0zPRKsD5t","https://api.spotify.com/v1/audio-analysis/04t2rESw6up8F0zPRKsD5t",199200,4
"1",0.487,0.505,9,-15.916,1,0.0546,6.76e-06,0.865,0.0476,0.316,88.692,"audio_features","04tEDoPPM70CBJKB0Asv4y","spotify:track:04tEDoPPM70CBJKB0Asv4y","https://api.spotify.com/v1/tracks/04tEDoPPM70CBJKB0Asv4y","https://api.spotify.com/v1/audio-analysis/04tEDoPPM70CBJKB0Asv4y",65502,3
"1",NA
"1",0.839,0.55,1,-9.566,1,0.474,0.11,0,0.0993,0.57,137.995,"audio_features","04v4dZd05NakXJdlSg1Qjo","spotify:track:04v4dZd05NakXJdlSg1Qjo","https://api.spotify.com/v1/tracks/04v4dZd05NakXJdlSg1Qjo","https://api.spotify.com/v1/audio-analysis/04v4dZd05NakXJdlSg1Qjo",208696,4
"1",0.714,0.921,8,-1.455,1,0.0976,0.0574,0,0.256,0.817,99.951,"audio_features","04vHPXVGnb51q13NBoW22W","spotify:track:04vHPXVGnb51q13NBoW22W","https://api.spotify.com/v1/tracks/04vHPXVGnb51q13NBoW22W","https://api.spotify.com/v1/audio-analysis/04vHPXVGnb51q13NBoW22W",195048,4
"1",NA
"1",NA
"1",NA
"1",0.83,0.63,1,-6.279,1,0.26,0.00346,0,0.192,0.556,174.993,"audio_features","04wzgTWP6YU07PdUjm0XzG","spotify:track:04wzgTWP6YU07PdUjm0XzG","https://api.spotify.com/v1/tracks/04wzgTWP6YU07PdUjm0XzG","https://api.spotify.com/v1/audio-analysis/04wzgTWP6YU07PdUjm0XzG",123584,4
"1",0.536,0.89,1,-3.4,0,0.053,4.89e-05,5.35e-05,0.0472,0.454,113.05,"audio_features","04xV6DzDzE7TgWQKBGaC5E","spotify:track:04xV6DzDzE7TgWQKBGaC5E","https://api.spotify.com/v1/tracks/04xV6DzDzE7TgWQKBGaC5E","https://api.spotify.com/v1/audio-analysis/04xV6DzDzE7TgWQKBGaC5E",249306,4
"1",NA
"1",0.737,0.558,11,-8.569,1,0.408,0.332,0,0.102,0.727,92.187,"audio_features","04ztHH3y3ZUHN5QSjV42EF","spotify:track:04ztHH3y3ZUHN5QSjV42EF","https://api.spotify.com/v1/tracks/04ztHH3y3ZUHN5QSjV42EF","https://api.spotify.com/v1/audio-analysis/04ztHH3y3ZUHN5QSjV42EF",138606,4
"1",0.647,0.427,3,-8.809,0,0.0498,0.628,0,0.145,0.483,130.024,"audio_features","051Ijb9ebRNDpKEDBakTyU","spotify:track:051Ijb9ebRNDpKEDBakTyU","https://api.spotify.com/v1/tracks/051Ijb9ebRNDpKEDBakTyU","https://api.spotify.com/v1/audio-analysis/051Ijb9ebRNDpKEDBakTyU",201549,4
"1",0.686,0.691,5,-4.616,0,0.0371,0.257,0,0.145,0.477,95.046,"audio_features","052vSBPxqdmYRDlkSPiavc","spotify:track:052vSBPxqdmYRDlkSPiavc","https://api.spotify.com/v1/tracks/052vSBPxqdmYRDlkSPiavc","https://api.spotify.com/v1/audio-analysis/052vSBPxqdmYRDlkSPiavc",239080,4
"1",0.606,0.697,6,-7.312,0,0.0237,0.00141,1.12e-05,0.157,0.342,99.995,"audio_features","053xxa2eBIIc6WOIjgSNsS","spotify:track:053xxa2eBIIc6WOIjgSNsS","https://api.spotify.com/v1/tracks/053xxa2eBIIc6WOIjgSNsS","https://api.spotify.com/v1/audio-analysis/053xxa2eBIIc6WOIjgSNsS",246653,4
"1",NA
"1",NA
"1",NA
"1",NA
"1",NA
"1",NA
"1",NA
"1",0.162,0.0698,2,-30.509,0,0.0684,0.954,0.949,0.114,0.0394,136.306,"audio_features","05FxtxCg18s015HsuT6dvP","spotify:track:05FxtxCg18s015HsuT6dvP","https://api.spotify.com/v1/tracks/05FxtxCg18s015HsuT6dvP","https://api.spotify.com/v1/audio-analysis/05FxtxCg18s015HsuT6dvP",128625,3
"1",NA
"1",NA
"1",NA
"1",NA
"1",0.486,0.984,4,-3.619,1,0.0717,2.26e-05,0,0.28,0.277,123.64,"audio_features","05QquCUFrpkKTHz5Sy09nc","spotify:track:05QquCUFrpkKTHz5Sy09nc","https://api.spotify.com/v1/tracks/05QquCUFrpkKTHz5Sy09nc","https://api.spotify.com/v1/audio-analysis/05QquCUFrpkKTHz5Sy09nc",225706,4
"1",0.526,0.978,8,-5.436,1,0.108,0.00122,4.75e-05,0.0744,0.451,141.167,"audio_features","05RgAMGypEvqhNs5hPCbMS","spotify:track:05RgAMGypEvqhNs5hPCbMS","https://api.spotify.com/v1/tracks/05RgAMGypEvqhNs5hPCbMS","https://api.spotify.com/v1/audio-analysis/05RgAMGypEvqhNs5hPCbMS",210227,4
"1",NA
"1",NA
"1",0.375,0.344,2,-12.561,0,0.0335,0.81,0.776,0.0682,0.106,126.06,"audio_features","05UMQXFCsa9oPnLgfJHVyF","spotify:track:05UMQXFCsa9oPnLgfJHVyF","https://api.spotify.com/v1/tracks/05UMQXFCsa9oPnLgfJHVyF","https://api.spotify.com/v1/audio-analysis/05UMQXFCsa9oPnLgfJHVyF",237900,4
"1",NA
"1",NA
"1",0.528,0.66,7,-6.487,1,0.0262,0.0594,2.52e-06,0.241,0.359,133.969,"audio_features","05WoJ3qlSVzsBd9DliKUsb","spotify:track:05WoJ3qlSVzsBd9DliKUsb","https://api.spotify.com/v1/tracks/05WoJ3qlSVzsBd9DliKUsb","https://api.spotify.com/v1/audio-analysis/05WoJ3qlSVzsBd9DliKUsb",323672,4
"1",NA
"1",NA
"1",0.457,0.739,4,-6.795,0,0.028,8.67e-06,0.808,0.271,0.382,88.942,"audio_features","05aZd1VoIhaKgnyclj3yBK","spotify:track:05aZd1VoIhaKgnyclj3yBK","https://api.spotify.com/v1/tracks/05aZd1VoIhaKgnyclj3yBK","https://api.spotify.com/v1/audio-analysis/05aZd1VoIhaKgnyclj3yBK",123533,4
"1",0.743,0.655,6,-5.015,0,0.159,0.114,0,0.0764,0.785,172.031,"audio_features","05bfbizlM5AX6Mf1RRyMho","spotify:track:05bfbizlM5AX6Mf1RRyMho","https://api.spotify.com/v1/tracks/05bfbizlM5AX6Mf1RRyMho","https://api.spotify.com/v1/audio-analysis/05bfbizlM5AX6Mf1RRyMho",261335,4
"1",0.607,0.783,5,-10.272,1,0.0451,0.0541,0.0326,0.311,0.559,142.008,"audio_features","05dhhYqPer4fPD9Cwtu7NP","spotify:track:05dhhYqPer4fPD9Cwtu7NP","https://api.spotify.com/v1/tracks/05dhhYqPer4fPD9Cwtu7NP","https://api.spotify.com/v1/audio-analysis/05dhhYqPer4fPD9Cwtu7NP",264684,4
"1",0.668,0.687,7,-7.129,0,0.058,0.0157,0.000822,0.149,0.468,97.025,"audio_features","05eZlxyjbkHMPCnunUasCS","spotify:track:05eZlxyjbkHMPCnunUasCS","https://api.spotify.com/v1/tracks/05eZlxyjbkHMPCnunUasCS","https://api.spotify.com/v1/audio-analysis/05eZlxyjbkHMPCnunUasCS",199314,4
"1",NA
"1",0.505,0.476,5,-9.767,0,0.0508,0.709,0.00128,0.129,0.2,176.332,"audio_features","05ht6LtilQXryLlGAKH208","spotify:track:05ht6LtilQXryLlGAKH208","https://api.spotify.com/v1/tracks/05ht6LtilQXryLlGAKH208","https://api.spotify.com/v1/audio-analysis/05ht6LtilQXryLlGAKH208",98024,4
"1",0.751,0.431,5,-12.219,0,0.0424,0.402,2.63e-05,0.195,0.22,129.958,"audio_features","05iM8qYqxCfFcCzbjsS3Ez","spotify:track:05iM8qYqxCfFcCzbjsS3Ez","https://api.spotify.com/v1/tracks/05iM8qYqxCfFcCzbjsS3Ez","https://api.spotify.com/v1/audio-analysis/05iM8qYqxCfFcCzbjsS3Ez",203077,4
"1",NA
"1",NA
"1",NA
"1",NA
"1",NA
"1",NA
"1",0.889,0.474,11,-13.426,0,0.327,0.217,0,0.0819,0.718,143.018,"audio_features","05pvoS7rmImVNUNJZdWCs2","spotify:track:05pvoS7rmImVNUNJZdWCs2","https://api.spotify.com/v1/tracks/05pvoS7rmImVNUNJZdWCs2","https://api.spotify.com/v1/audio-analysis/05pvoS7rmImVNUNJZdWCs2",245035,4
"1",NA
"1",NA
"1",NA
"1",NA
"1",0.501,0.815,10,-4.62,0,0.0487,0.0333,0.0219,0.05,0.234,88.657,"audio_features","05uBLRXG5r06Pv8PnPBHmt","spotify:track:05uBLRXG5r06Pv8PnPBHmt","https://api.spotify.com/v1/tracks/05uBLRXG5r06Pv8PnPBHmt","https://api.spotify.com/v1/audio-analysis/05uBLRXG5r06Pv8PnPBHmt",180893,4
"1",0.73,0.496,9,-6.538,1,0.308,0.131,0,0.0982,0.225,82.418,"audio_features","05v6w9fcXfhRjdcV3MxHFG","spotify:track:05v6w9fcXfhRjdcV3MxHFG","https://api.spotify.com/v1/tracks/05v6w9fcXfhRjdcV3MxHFG","https://api.spotify.com/v1/audio-analysis/05v6w9fcXfhRjdcV3MxHFG",334600,4
"1",0.473,0.921,4,-7.684,0,0.0769,4.62e-05,0.913,0.35,0.73,174.957,"audio_features","05wBvBrgbXZzEnzbX2JTCl","spotify:track:05wBvBrgbXZzEnzbX2JTCl","https://api.spotify.com/v1/tracks/05wBvBrgbXZzEnzbX2JTCl","https://api.spotify.com/v1/audio-analysis/05wBvBrgbXZzEnzbX2JTCl",165152,4
"1",NA
"1",0.372,0.0722,10,-24.857,1,0.0331,0.993,0.898,0.0886,0.324,100.924,"audio_features","05zEpFyNovFAcrQYpLqmaJ","spotify:track:05zEpFyNovFAcrQYpLqmaJ","https://api.spotify.com/v1/tracks/05zEpFyNovFAcrQYpLqmaJ","https://api.spotify.com/v1/audio-analysis/05zEpFyNovFAcrQYpLqmaJ",64381,4
"1",NA
"1",0.567,0.65,7,-6.439,1,0.0474,0.282,0,0.0414,0.231,120.066,"audio_features","05zvugSCu5xGCpKOJbg27I","spotify:track:05zvugSCu5xGCpKOJbg27I","https://api.spotify.com/v1/tracks/05zvugSCu5xGCpKOJbg27I","https://api.spotify.com/v1/audio-analysis/05zvugSCu5xGCpKOJbg27I",206000,4
"1",0.841,0.754,1,-4.258,1,0.291,0.114,0,0.121,0.714,82.014,"audio_features","062AI5GNLe1PUMNU0NmQub","spotify:track:062AI5GNLe1PUMNU0NmQub","https://api.spotify.com/v1/tracks/062AI5GNLe1PUMNU0NmQub","https://api.spotify.com/v1/audio-analysis/062AI5GNLe1PUMNU0NmQub",240134,4
"1",NA
"1",NA
"1",NA
"1",0.688,0.321,10,-10.827,1,0.0305,0.0451,0.00132,0.0939,0.0485,132.001,"audio_features","069mlD5el7f9hcN4Wh4YXb","spotify:track:069mlD5el7f9hcN4Wh4YXb","https://api.spotify.com/v1/tracks/069mlD5el7f9hcN4Wh4YXb","https://api.spotify.com/v1/audio-analysis/069mlD5el7f9hcN4Wh4YXb",201004,4
"1",0.759,0.617,1,-7.481,0,0.382,0.0368,0,0.179,0.461,166.626,"audio_features","06ATBuR0Qhd1oHHvxeASCR","spotify:track:06ATBuR0Qhd1oHHvxeASCR","https://api.spotify.com/v1/tracks/06ATBuR0Qhd1oHHvxeASCR","https://api.spotify.com/v1/audio-analysis/06ATBuR0Qhd1oHHvxeASCR",257053,4
"1",0.255,0.104,7,-30.256,1,0.0443,0.884,0.0174,0.111,0.601,71.992,"audio_features","06CgbWHOGPhUJ6qeQseCfZ","spotify:track:06CgbWHOGPhUJ6qeQseCfZ","https://api.spotify.com/v1/tracks/06CgbWHOGPhUJ6qeQseCfZ","https://api.spotify.com/v1/audio-analysis/06CgbWHOGPhUJ6qeQseCfZ",161347,4
"1",0.508,0.503,2,-8.65,1,0.0298,0.202,0,0.105,0.394,123.962,"audio_features","06EzKxIt7WUokYpkitiIK2","spotify:track:06EzKxIt7WUokYpkitiIK2","https://api.spotify.com/v1/tracks/06EzKxIt7WUokYpkitiIK2","https://api.spotify.com/v1/audio-analysis/06EzKxIt7WUokYpkitiIK2",283964,4
"1",NA
"1",NA
"1",NA
"1",0.81,0.906,2,-6.335,1,0.125,0.00881,0.935,0.0946,0.387,124.971,"audio_features","06Lusvh8sMaY11gLgiHSwR","spotify:track:06Lusvh8sMaY11gLgiHSwR","https://api.spotify.com/v1/tracks/06Lusvh8sMaY11gLgiHSwR","https://api.spotify.com/v1/audio-analysis/06Lusvh8sMaY11gLgiHSwR",268847,4
"1",NA
"1",0.78,0.536,7,-11.586,1,0.39,0.0025,0,0.11,0.152,133.055,"audio_features","06NXCPCCCGf4e6o0uoAQ31","spotify:track:06NXCPCCCGf4e6o0uoAQ31","https://api.spotify.com/v1/tracks/06NXCPCCCGf4e6o0uoAQ31","https://api.spotify.com/v1/audio-analysis/06NXCPCCCGf4e6o0uoAQ31",175177,4
"1",NA
"1",NA
"1",0.536,0.89,0,-5.222,1,0.0601,0.000354,0.00165,0.133,0.205,115.998,"audio_features","06T10fEzN8ZCcqzQZYA184","spotify:track:06T10fEzN8ZCcqzQZYA184","https://api.spotify.com/v1/tracks/06T10fEzN8ZCcqzQZYA184","https://api.spotify.com/v1/audio-analysis/06T10fEzN8ZCcqzQZYA184",252653,4
"1",NA
"1",NA
"1",NA
"1",0.89,0.617,0,-8.029,0,0.214,0.28,0,0.0906,0.383,80.358,"audio_features","06Y14QBRyzmPRqrswAfF4J","spotify:track:06Y14QBRyzmPRqrswAfF4J","https://api.spotify.com/v1/tracks/06Y14QBRyzmPRqrswAfF4J","https://api.spotify.com/v1/audio-analysis/06Y14QBRyzmPRqrswAfF4J",212253,4
"1",NA
"1",NA
"1",NA
"1",NA
"1",0.621,0.702,4,-6.845,1,0.0295,0.000332,1.49e-05,0.322,0.374,99.808,"audio_features","06cCziAHtDg6pcsidZHu03","spotify:track:06cCziAHtDg6pcsidZHu03","https://api.spotify.com/v1/tracks/06cCziAHtDg6pcsidZHu03","https://api.spotify.com/v1/audio-analysis/06cCziAHtDg6pcsidZHu03",254510,4
"1",0.646,0.616,4,-3.036,0,0.432,0.019,1.11e-05,0.308,0.322,138.456,"audio_features","06cYAqAEUcIQM2JPiKrj4q","spotify:track:06cYAqAEUcIQM2JPiKrj4q","https://api.spotify.com/v1/tracks/06cYAqAEUcIQM2JPiKrj4q","https://api.spotify.com/v1/audio-analysis/06cYAqAEUcIQM2JPiKrj4q",165867,4
"1",NA
"1",NA
"1",NA
"1",NA
"1",0.313,0.771,6,-5.825,1,0.09,0.00743,0,0.157,0.326,112.472,"audio_features","06mqsLdk2Q3dtzygF05cA4","spotify:track:06mqsLdk2Q3dtzygF05cA4","https://api.spotify.com/v1/tracks/06mqsLdk2Q3dtzygF05cA4","https://api.spotify.com/v1/audio-analysis/06mqsLdk2Q3dtzygF05cA4",106371,5
"1",NA
"1",0.65,0.887,7,-5.355,1,0.0467,0.0023,0.266,0.405,0.732,89.981,"audio_features","06nkwVzC0BkB7cfXBOgu69","spotify:track:06nkwVzC0BkB7cfXBOgu69","https://api.spotify.com/v1/tracks/06nkwVzC0BkB7cfXBOgu69","https://api.spotify.com/v1/audio-analysis/06nkwVzC0BkB7cfXBOgu69",128000,4
"1",0.79,0.66,1,-5.677,0,0.248,0.399,0,0.104,0.652,143.904,"audio_features","06q3sUgkq2k7uhdsi1fczX","spotify:track:06q3sUgkq2k7uhdsi1fczX","https://api.spotify.com/v1/tracks/06q3sUgkq2k7uhdsi1fczX","https://api.spotify.com/v1/audio-analysis/06q3sUgkq2k7uhdsi1fczX",163156,4
"1",NA
"1",0.43,0.296,1,-15.537,1,0.354,0.691,0,0.817,0.321,78.951,"audio_features","06uZ51ssp5PkwHzZM2WUAK","spotify:track:06uZ51ssp5PkwHzZM2WUAK","https://api.spotify.com/v1/tracks/06uZ51ssp5PkwHzZM2WUAK","https://api.spotify.com/v1/audio-analysis/06uZ51ssp5PkwHzZM2WUAK",208617,1
"1",NA
"1",NA
"1",0.692,0.682,8,-5.512,1,0.364,0.579,0,0.272,0.101,100.021,"audio_features","06ye5XMpwAyB1xXAf2LExr","spotify:track:06ye5XMpwAyB1xXAf2LExr","https://api.spotify.com/v1/tracks/06ye5XMpwAyB1xXAf2LExr","https://api.spotify.com/v1/audio-analysis/06ye5XMpwAyB1xXAf2LExr",66897,4
"1",NA
"1",NA
"1",NA
"1",0.647,0.866,11,-7.27,0,0.095,0.0386,0.00955,0.0824,0.511,139.995,"audio_features","071qo9d8jnmsiLzxD0cpHb","spotify:track:071qo9d8jnmsiLzxD0cpHb","https://api.spotify.com/v1/tracks/071qo9d8jnmsiLzxD0cpHb","https://api.spotify.com/v1/audio-analysis/071qo9d8jnmsiLzxD0cpHb",207763,4
"1",NA
